{
  "mean": [
    70.38525508967523,
    18181.917571795664,
    2.206924986491702,
    79.45147707019682
  ],
  "scale": [
    106.50467909130842,
    73687.61853558822,
    3.7610452711505618,
    13.805298680473713
  ]
}